{
  "test_id": 4142,
  "timestamp": "2025-07-15T19:52:35.472627",
  "settings": {
    "auto_commit_test": true,
    "random_value": 0.7954233331696522
  }
}